{
    "bobby-5.0.1.jar": 1718070459.8903356,
    "CleanF3-mc1.20.x-0.4.5.jar": 1719605501.816672,
    "cloth-config-11.1.118-fabric.jar": 1718070446.3350487,
    "Clumps-fabric-1.20.1-12.0.0.4.jar": 1719700395.266112,
    "create-fabric-0.5.1-f-build.1417+mc1.20.1.jar": 1719619451.6630142,
    "create-structures-0.1.1-1.20.1-FABRIC.jar": 1719619150.3376324,
    "create-track-map-1.4+mc1.20.1-fabric.jar": 1719620368.6926467,
    "createaddition-fabric+1.20.1-1.2.4.jar": 1719619184.796377,
    "create_trimmed.jar": 1719620371.0353315,
    "cristellib-1.1.5-fabric.jar": 1718070450.0789347,
    "cubes-without-borders-2.0.1+1.20.jar": 1719605052.511379,
    "dynamic-fps-3.5.1+minecraft-1.20.0-fabric.jar": 1719700577.6377442,
    "enhancedblockentities-0.9+1.20.jar": 1718070462.5540292,
    "entityculling-fabric-1.6.6-mc1.20.1.jar": 1719605141.2327373,
    "essential_1-3-2-7_fabric_1-20-1.jar": 1719605175.9428248,
    "fabric-api-0.92.2+1.20.1.jar": 1718070450.1808217,
    "fabric-language-kotlin-1.11.0+kotlin.2.0.0.jar": 1718070465.4086795,
    "fastquit-3.0.0+1.20+.jar": 1718070464.54281,
    "ferritecore-6.0.1-fabric.jar": 1718070445.4110744,
    "fpsdisplay-3.1.0+1.20.x.jar": 1718070459.2508461,
    "ImmediatelyFast-Fabric-1.2.18+1.20.4.jar": 1719605141.9633384,
    "indium-1.0.30+mc1.20.4.jar": 1719699464.9885807,
    "iris-1.7.0+mc1.20.1.jar": 1719699446.1323304,
    "lambdynamiclights-2.3.2+1.20.1.jar": 1718070460.7835083,
    "lazydfu-0.1.3.jar": 1718070459.0052524,
    "lithium-fabric-mc1.20.1-0.11.2.jar": 1718070462.2956915,
    "logical_zoom-0.0.20.jar": 1718070474.7080154,
    "memoryleakfix-fabric-1.17+-1.1.5.jar": 1718070459.347886,
    "midnightlib-fabric-1.4.1.1.jar": 1718070452.357613,
    "modmenu-7.2.2.jar": 1718070456.4820998,
    "moreculling-1.20.4-0.24.0.jar": 1718070456.6868746,
    "MouseTweaks-fabric-mc1.20-2.26.jar": 1718070452.991571,
    "nvidium-0.2.6-beta.jar": 1718070456.4000607,
    "reeses_sodium_options-1.7.2+mc1.20.1-build.101.jar": 1719618064.1731346,
    "rrls-4.0.6.1+mc1.20.1-fabric.jar": 1719605141.8196805,
    "sodium-extra-0.5.4+mc1.20.1-build.115.jar": 1719618062.6065958,
    "sodium-fabric-0.5.8+mc1.20.1.jar": 1719699355.5394237,
    "starlight-1.1.2+fabric.dbc156f.jar": 1719700388.0037239,
    "Steam_Rails-1.6.4+fabric-mc1.20.1.jar": 1719619143.94716
}