{
    "AdvancementPlaques-1.20.1-fabric-1.4.11.jar": 1718070458.9199612,
    "AmbientEnvironment-fabric-1.20.1-11.0.0.1.jar": 1718070459.0214045,
    "AmbientSounds_FABRIC_v6.0.2_mc1.20.1.jar": 1719605197.2844844,
    "architectury-9.2.14-fabric.jar": 1718070464.6971354,
    "balm-fabric-1.20.1-7.3.6.jar": 1719605142.1831954,
    "BasicShields-1.4.1-1.20.2.jar": 1718070452.2299845,
    "basicweapons-fabric-mc1.20.1+1.2.2.jar": 1718070469.0944054,
    "BetterAdvancements-Fabric-1.20.1-0.4.2.10.jar": 1719605141.2835279,
    "BetterPingDisplay-Fabric-1.20.1-1.1.1.jar": 1718070445.3441415,
    "betterstats-3.9.7+fabric-1.20.1.jar": 1719716226.278174,
    "BetterTridents-v8.0.1-1.20.1-Fabric.jar": 1718070449.6393852,
    "bobby-5.0.1.jar": 1718070459.8903356,
    "BruteForceRenderingCulling-fabric-1.20.1-0.5.12.jar": 1719718264.2324803,
    "citresewn-1.1.5+1.20.1.jar": 1718070458.0876367,
    "CleanF3-mc1.20.x-0.4.5.jar": 1719605501.816672,
    "cloth-config-11.1.118-fabric.jar": 1718070446.3350487,
    "Clumps-fabric-1.20.1-12.0.0.4.jar": 1719700395.266112,
    "continuity-3.0.0-beta.5+1.20.1.jar": 1718070446.1167161,
    "Controlling-fabric-1.20.1-12.0.2.jar": 1718070459.238794,
    "copycats-1.3.8+mc.1.20.1-fabric.jar": 1719753623.5784593,
    "Copyshot.jar": 1719753629.3956978,
    "create-fabric-0.5.1-f-build.1417+mc1.20.1.jar": 1719619451.6630142,
    "create-structures-0.1.1-1.20.1-FABRIC.jar": 1719619150.3376324,
    "create-track-map-1.4+mc1.20.1-fabric.jar": 1719620368.6926467,
    "createaddition-fabric+1.20.1-1.2.4.jar": 1719619184.796377,
    "create_trimmed.jar": 1719620371.0353315,
    "CreativeCore_FABRIC_v2.11.30_mc1.20.1.jar": 1718070480.2823255,
    "creeperoverhaul-3.0.2-fabric.jar": 1718070459.0234647,
    "cristellib-1.1.5-fabric.jar": 1718070450.0789347,
    "cubes-without-borders-2.0.1+1.20.jar": 1719605052.511379,
    "dark-loading-screen-1.6.14.jar": 1719711028.9414299,
    "defaultoptions-fabric-1.20-18.0.1.jar": 1718070460.175968,
    "dynamic-fps-3.5.1+minecraft-1.20.0-fabric.jar": 1719752694.2661836,
    "DynamicSurroundings-Fabric-1.20.1-0.3.3.jar": 1719621024.6482902,
    "dynmus-v2.3.2+1.20-fabric.jar": 1718070506.6153233,
    "eating-animation-1.20+1.9.61.jar": 1718070446.3760989,
    "endermanoverhaul-fabric-1.20.1-1.0.4.jar": 1718070448.701919,
    "enhancedblockentities-0.9+1.20.jar": 1718070462.5540292,
    "entityculling-fabric-1.6.6-mc1.20.1.jar": 1719605141.2327373,
    "entity_model_features_fabric_1.20.1-2.0.2.jar": 1718070457.3215787,
    "entity_texture_features_fabric_1.20.1-6.1.1.jar": 1719605142.3781364,
    "essential_1-3-2-7_fabric_1-20-1.jar": 1719605175.9428248,
    "ExplorersCompass-1.20.1-2.2.3-fabric.jar": 1718070449.5358343,
    "explosive-enhancement-1.2.2-1.20.x.jar": 1718070474.8770578,
    "fabric-api-0.92.2+1.20.1.jar": 1718070450.1808217,
    "fabric-language-kotlin-1.11.0+kotlin.2.0.0.jar": 1718070465.4086795,
    "FabricShieldLib-1.7.2-1.20.1.jar": 1718070450.9101605,
    "fallingleaves-1.15.6+1.20.1.jar": 1718070450.7009366,
    "fallingtrees-fabric-0.12.3-1.20.jar": 1719752717.849077,
    "FarmersDelight-1.20.1-2.1.1+refabricated.jar": 1718070482.2618191,
    "fastquit-3.0.0+1.20+.jar": 1718070464.54281,
    "ferritecore-6.0.1-fabric.jar": 1718070445.4110744,
    "fish_of_thieves-mc1.20.1-v3.0.5-fabric.jar": 1718070461.764454,
    "ForgeConfigAPIPort-v8.0.0-1.20.1-Fabric.jar": 1718070460.3228583,
    "formations-1.0.2-fabric-mc1.20.jar": 1718070458.6151707,
    "formationsnether-1.0.4.jar": 1718070447.3438773,
    "formationsoverworld-1.0.3.jar": 1718070477.3517292,
    "fpsdisplay-3.1.0+1.20.x.jar": 1718070459.2508461,
    "geckolib-fabric-1.20.1-4.4.7.jar": 1719605142.9342227,
    "Iceberg-1.20.1-fabric-1.1.18.jar": 1718070474.4637134,
    "ImmediatelyFast-Fabric-1.2.18+1.20.4.jar": 1719605141.9633384,
    "Improved.Animations-fabric-1.20.1-1.0.2.jar": 1718154404.7563546,
    "indium-1.0.30+mc1.20.4.jar": 1719699464.9885807,
    "iris-1.7.0+mc1.20.1.jar": 1719699446.1323304,
    "Jade-1.20-fabric-11.9.2.jar": 1718070461.3347611,
    "jei-1.20.1-fabric-15.3.0.8.jar": 1719605141.7814822,
    "konkrete_fabric_1.8.1_MC_1.20.1.jar": 1719716175.1866581,
    "lambdynamiclights-2.3.2+1.20.1.jar": 1718070460.7835083,
    "lazydfu-0.1.3.jar": 1718070459.0052524,
    "letmedespawn-fabric-1.20.x-1.2.1.jar": 1718070453.319262,
    "lithium-fabric-mc1.20.1-0.11.2.jar": 1718070462.2956915,
    "logical_zoom-0.0.20.jar": 1718070474.7080154,
    "melody_fabric_1.0.4_MC_1.20.1-1.20.4.jar": 1719716174.3606548,
    "memoryleakfix-fabric-1.17+-1.1.5.jar": 1718070459.347886,
    "midnightlib-fabric-1.4.1.1.jar": 1718070452.357613,
    "modmenu-7.2.2.jar": 1718070456.4820998,
    "moreculling-1.20.4-0.24.0.jar": 1718070456.6868746,
    "MouseTweaks-fabric-mc1.20-2.26.jar": 1718070452.991571,
    "NaturesCompass-1.20.1-2.2.3-fabric.jar": 1718070461.1119578,
    "nvidium-0.2.6-beta.jar": 1718070456.4000607,
    "pandalib-fabric-0.3.1-1.20.jar": 1719752720.8811324,
    "PresenceFootsteps-1.9.4+1.20.1.jar": 1718070470.1287217,
    "PuzzlesLib-v8.1.21-1.20.1-Fabric.jar": 1719605141.5447192,
    "reeses_sodium_options-1.7.2+mc1.20.1-build.101.jar": 1719618064.1731346,
    "resourcefulconfig-fabric-1.20.1-2.1.2.jar": 1718070455.4110036,
    "Searchables-fabric-1.20.1-1.0.3.jar": 1718070449.2030168,
    "sliceanddice-fabric-3.2.2.jar": 1719716013.5274827,
    "sodium-extra-0.5.4+mc1.20.1-build.115.jar": 1719618062.6065958,
    "sodium-fabric-0.5.8+mc1.20.1.jar": 1719699355.5394237,
    "spark-1.10.53-fabric.jar": 1718070448.3052397,
    "spawnanimations-v1.9.4-mc1.17x-1.20x-mod.jar": 1718156569.8150558,
    "starlight-1.1.2+fabric.dbc156f.jar": 1719700388.0037239,
    "Steam_Rails-1.6.4+fabric-mc1.20.1.jar": 1719619143.94716,
    "vanilla-refresh-1.4.19h.jar": 1718070456.0317607,
    "visuality-0.7.1+1.20.jar": 1718070445.5565062,
    "yosbr-0.1.2.jar": 1718070454.693358
}